Company ID,Contact Name,Role,Connection Strength,Previous HKJC Interaction,Link of HKJC Interaction evidance,Linkedin
101,Edward Bell,"General Manager Brand, Insights, and Marketing",Hot,"Company sponsored Longines Masters of HK, an equestrian event where HKJC was also a founding partner.",https://www.longinesmasters.com/en/news/longines-masters-of-hong-kong-returns-for-its-fifth-edition-2017-02-10-863,https://www.linkedin.com/in/ecbell30
101,Ronald Lam,Chief Executive Officer,Hot,"As CEO, oversees major corporate partnerships. Company was a founding partner alongside HKJC for Longines Masters of HK.",https://www.longinesmasters.com/en/news/longines-masters-of-hong-kong-returns-for-its-fifth-edition-2017-02-10-863,https://www.linkedin.com/in/ronald-lam-180b06109
101,Lavinia Lau,Chief Customer and Commercial Officer,Hot,Her role encompasses brand partnerships. Company was a founding partner alongside HKJC for Longines Masters of HK.,https://www.longinesmasters.com/en/news/longines-masters-of-hong-kong-returns-for-its-fifth-edition-2017-02-10-863,https://www.linkedin.com/in/lavinia-lau-38b42217
102,Amy Lo,"Co-Head of Wealth and Personal Banking, Asia Pacific and Head of Wealth and Personal Banking, Hong Kong",Hot,Presented HSBC Premier Cup and gave a public statement on HSBC's long-standing partnership with HKJC.,https://campaigns.hkjc.com/racing-news/english/2023-01/news-20230101-7.aspx,https://hk.linkedin.com/in/amy-lo-281b3127
102,Edward Hui,"Head of Brand and Marketing, Hong Kong",Hot,"Oversees HSBC's long-standing sponsorships with HKJC, including events like the HSBC Premier Cup.",https://campaigns.hkjc.com/racing-news/english/2023-01/news-20230101-7.aspx,https://hk.linkedin.com/in/edwardhui-marketing
102,Michelle Lee,"Head of Communications and Corporate Sustainability, Hong Kong",Warm,"Manages communications for HSBC, which includes public relations for bank's sponsorship activities.",Nil,https://hk.linkedin.com/in/michelle-lee-b1a13310
103,Florence Chan,"Chief Marketing Officer, AIA Hong Kong & Macau",Hot,"Oversees AIA's title sponsorship of HKJC Champions Day, a major annual racing event.",https://racing.hkjc.com/racing/information/english/feature_articles/2023/feature_article_2023042401.aspx,https://hk.linkedin.com/in/florence-chan-62b1b312
103,Alger Fung,"Chief Executive Officer, AIA Hong Kong & Macau",Hot,Provided comments and insights on AIA's title sponsorship of HKJC Champions Day as CEO.,https://racing.hkjc.com/racing/information/english/feature_articles/2023/feature_article_2023042401.aspx,https://hk.linkedin.com/in/fungalger
103,Stuart Spencer,"Group Chief Marketing Officer, AIA Group",Warm,"Leads group-wide brand strategy and major sponsorships, including AIA's significant partnership with HKJC.",https://racing.hkjc.com/racing/information/english/feature_articles/2023/feature_article_2023042401.aspx,https://sg.linkedin.com/in/stuart-spencer-89945a16
104,Alex Arena,Deputy Chairman and Group Managing Director,Warm,PCCW's HKT business sponsors major HK sports events where HKJC also plays a key role.,https://www.hkt.com/About-HKT/News/Press-Release/2018/20180213_2.html,https://www.linkedin.com/in/alexarena
104,Bric Ng,"Chief Executive Officer, HKT",Warm,PCCW's HKT business sponsors major HK sports events where HKJC also plays a key role.,https://www.hkt.com/About-HKT/News/Press-Release/2018/20180213_2.html,https://www.linkedin.com/in/siu-chong-ng-a006351b0
104,Susanna Hui Hon-hing,Group Chief Financial Officer and Executive Director,Warm,"As PCCW's Group CFO, she approves major company sponsorships & strategic engagements, including potential ties with HKJC.",https://www.hkt.com/About-HKT/News/Press-Release/2018/20180213_2.html,https://www.linkedin.com/in/susanna-hui-hon-hing-35712140
105,Kent Wong Siu-Kee,Managing Director,Warm,Company partnered with HKJC for community & youth development programs.,https://www.polyu.edu.hk/en/media/media-releases/2021/0409_polyu-collaborates-with-the-hong-kong-jockey-club-and-chow-tai-fook/,https://www.linkedin.com/in/kent-wong-siu-kee-9473b642/
105,Olivia Tam Sau-Ling,"General Manager, Marketing",Warm,Company partnered with HKJC for community & youth development programs.,https://www.polyu.edu.hk/en/media/media-releases/2021/0409_polyu-collaborates-with-the-hong-kong-jockey-club-and-chow-tai-fook/,https://hk.linkedin.com/in/olivia-tam-5477617b
105,Alice Lau,"Director, Corporate Communications",Warm,Company partnered with HKJC for community & youth development programs.,https://www.polyu.edu.hk/en/media/media-releases/2021/0409_polyu-collaborates-with-the-hong-kong-jockey-club-and-chow-tai-fook/,https://hk.linkedin.com/in/alice-lau-97594917a
106,Diana Cesar,Executive Director and Chief Executive,Hot,Yes - Directly involved in announcing the Hang Seng Bank Community Project Powered by the HKJC partnership.,https://corporate.hkjc.com/corporate/english/charities/charities-detail.aspx?in_file=20210408_143000_154941.xml,https://www.linkedin.com/in/dianacesar
106,Catherine Cheng,Head of Marketing and Corporate Communications,Hot,Hang Seng Bank is a long-standing sponsor of HKJC horse races and community projects; she oversees these.,https://racing.hkjc.com/racing/information/english/Race/Results.aspx?RaceDate=2023/12/24&Raceno=03,https://www.linkedin.com/in/catherine-cheng-4029279
106,Terence Li,"Head of Customer, Marketing and Digital, Wealth and Personal Banking",Hot,Hang Seng Bank is a long-standing sponsor of HKJC horse races and community projects; he oversees these.,https://racing.hkjc.com/racing/information/english/Race/Results.aspx?RaceDate=2023/12/24&Raceno=03,https://www.linkedin.com/in/terence-li-29b79410
107,Mary Huen,"CEO, Hong Kong",Hot,"Standard Chartered sponsors HKJC racing events & community initiatives. As CEO, she oversees these sponsorships.",https://www.sc.com/hk/en/news/press-release/2023/standard-chartered-champions-chater-cup-showcases-finest-stayers-this-sunday/,https://www.linkedin.com/in/mary-huen-9a36662/
107,Stephen Man,"Head of Brand & Marketing, Hong Kong",Hot,Standard Chartered sponsors Champions & Chater Cup and HKJC community events; Stephen Man manages these initiatives.,https://www.sc.com/hk/en/news/press-release/2023/standard-chartered-champions-chater-cup-showcases-finest-stayers-this-sunday/,https://www.linkedin.com/in/stephen-man-a45a301/
107,Simon Lam,"Head of Corporate Affairs, Brand & Marketing, Hong Kong",Hot,"Presented a trophy at the Standard Chartered Champions & Chater Cup in 2021, directly representing Standard Chartered Bank.",https://corporate.hkjc.com/corporate/english/news-centre/news/news-2021052303254.aspx,https://www.linkedin.com/in/simon-lam-20287a20/
108,Huynh Thanh Phong,"Group Chief Executive Officer, FWD Group",Hot,"FWD is title sponsor of FWD Champions Day, a major HKJC horse racing event held annually at Sha Tin.",https://racing.hkjc.com/racing/info/meeting/Champions_Day/English/champions_day.aspx,https://www.linkedin.com/in/phonghuynh/
108,Ken Lau,"Managing Director, Greater China, FWD Group & CEO, FWD Hong Kong & Macau",Hot,"As FWD HK & Macau CEO, he directly participates in FWD Champions Day, a major horse racing event sponsored by FWD.",https://corporate.hkjc.com/corporate/english/news-centre/news.aspx?in_file=2024042801700.xml,https://www.linkedin.com/in/ken-lau-47a32b13/
108,Paul Tse,"Chief Marketing Officer, FWD Hong Kong & Macau",Hot,"As CMO, FWD HK & Macau, he oversees FWD Champions Day sponsorship with HKJC.",https://www.fwd.com.hk/en/newsroom/media-release/2024/fwd-champions-day-2024-media-tour-gives-media-exclusive-insights-into-racing-culture-and-community-engagement/,https://www.linkedin.com/in/paultse/
109,Christina Ma,Group Head of Investor Relations and Head of Corporate Communications,Warm,No direct specific interaction found publicly for sponsorship purposes.,Nil,https://www.linkedin.com/in/christinama/
109,Bonnie Chan,Co-Chief Operating Officer,Warm,No direct specific interaction found publicly for sponsorship purposes.,Nil,https://www.linkedin.com/in/bonnie-chan-3306a410/
109,Glenda So,"Co-Chief Operating Officer, Head of Emerging Business Development",Warm,No direct specific interaction found publicly for sponsorship purposes.,Nil,https://www.linkedin.com/in/glenda-so-b27b4010/
110,Ann Kung,Deputy Chief Executive,Hot,Yes - Signed renewal of principal partnership with HKJC Disaster Preparedness and Response Institute.,https://corporate.hkjc.com/corporate/english/community/charities-trust/press-release-detail.aspx?in_file=2015-10/news_2015102101704.html,https://www.linkedin.com/in/ann-kung-%E9%BE%94%E6%A5%8A%E6%81%A9%E6%85%88-124b17179/
110,Sun Yu,Vice Chairman and Chief Executive,Hot,Yes - Officiated signing of strategic partnership with HKJC for financial innovation and sports development.,https://corporate.hkjc.com/corporate/english/news-centre/news/2023-11/news_2023112002047.aspx,https://hk.linkedin.com/in/sun-yu-960205167
110,Wang Xiquan,Deputy Chief Executive,Hot,Yes - Attended and presented prizes at the BOCHK Race Day at Sha Tin Racecourse.,https://corporate.hkjc.com/corporate/english/news-centre/news/2018-05/news_2018051901306.aspx,https://hk.linkedin.com/in/xiquan-wang-95b86b240
111,Ben Keswick,Executive Chairman,Warm,No verifiable personal interaction found.,Nil,https://www.linkedin.com/in/ben-keswick-035b0b14b
111,John Witt,Group Managing Director,Warm,No verifiable personal interaction found.,Nil,https://www.linkedin.com/in/john-witt-80b6a713b/
111,Christian Sardelis,Group Corporate Affairs Director,Warm,No verifiable personal interaction found.,Nil,https://hk.linkedin.com/in/christian-sardelis-17b587a
112,Raymond Kwok Ping-luen,Chairman and Managing Director,Hot,Serves as a Steward of The Hong Kong Jockey Club.,https://corporate.hkjc.com/corporate/english/about-us/board-of-stewards.aspx,Nil
112,Adam Kwok Kai-fai,Executive Director,Hot,Serves as a Steward of The Hong Kong Jockey Club.,https://corporate.hkjc.com/corporate/english/about-us/board-of-stewards.aspx,https://hk.linkedin.com/in/adam-kwok-54876b5
112,Christopher Kwok Kai-wang,Executive Director,Hot,Elected as a Voting Member of The Hong Kong Jockey Club in 2021.,https://corporate.hkjc.com/corporate/english/press-centre/press-releases-detail.aspx?in_file=2021-00277.xml,https://hk.linkedin.com/in/christopher-kwok-a64287103
113,Patrick Healy,Chairman,Hot,Appointed as a Steward of The Hong Kong Jockey Club in September 2023.,https://www.scmp.com/business/companies/article/3233857/swire-properties-chairman-joins-hong-kong-jockey-club-board-stewards,https://www.linkedin.com/in/patrick-healy-153b6814/
113,Guy Bradley,"Executive Director, Swire Pacific; Chairman, Swire Properties",Hot,Appointed as a Steward of The Hong Kong Jockey Club in September 2023.,https://www.scmp.com/business/companies/article/3233857/swire-properties-chairman-joins-hong-kong-jockey-club-board-stewards,https://www.linkedin.com/in/guy-bradley-640b852a/
113,Merlin Swire,Executive Director,Hot,Appointed as a Steward of The Hong Kong Jockey Club in September 2023.,https://www.asianracing.org/news/the-hong-kong-jockey-club-appoints-merlin-swire-to-board-of-stewards,https://www.linkedin.com/in/merlin-swire-23a48616/
114,Liang Youde,Chairman and President of China Unicom Global Limited,Cold,Nil,Nil,https://www.linkedin.com/in/liang-youde-0043831b1/
114,Li Yong,President,Cold,Nil,Nil,Nil
114,Tang Ke,"Senior Vice President, Executive Director",Cold,Nil,Nil,https://www.linkedin.com/in/ke-tang-33b680183/
115,Victor Li Tzar-kuoi,Chairman and Co-Managing Director,Hot,"Yes - Appointed as a Steward of The Hong Kong Jockey Club in 2018, demonstrating deep engagement with the club.",https://corporate.hkjc.com/corporate/english/press-centre/press-releases-detail.aspx?in_fileid=95790,Nil
115,Dominic Lai Kai-ming,Group Managing Director,Hot,"Yes - A horse owner (""Super Jockey"") with the HKJC, actively participating in racing events for years.",https://racing.hkjc.com/racing/information/english/Horse/Horse.aspx?HorseId=HK_2010_S104,https://hk.linkedin.com/in/dominic-lai-53090a2a
115,Canning Fok Kin-ning,Group Co-Managing Director,Hot,"Yes - A horse owner (""Beauty Flame"") with the HKJC, actively participating in racing events.",https://racing.hkjc.com/racing/information/english/Horse/Horse.aspx?HorseId=HK_2012_E377,Nil
116,Linda So,Corporate Affairs Director,Warm,"Oversees MTR's community relations and partnerships, aligning with HKJC's charitable and community support.",Nil,https://hk.linkedin.com/in/linda-so-527b102b
116,Dr. Jacob Kam Chak-pui,Chief Executive Officer,Warm,"As CEO, frequently engages with leaders of other major Hong Kong institutions and community partners, including HKJC.",Nil,Nil
116,David Tang,Chief of Staff and Head of Corporate Relations,Warm,"Responsible for managing MTR’s external stakeholder relationships, including other major community organizations like HKJC.",Nil,https://hk.linkedin.com/in/david-tang-70498b1b
117,Joseph Galli Jr.,Chief Executive Officer and Executive Director,Cold,Nil,Nil,https://www.linkedin.com/in/joseph-galli-a309325
117,Steven Richman,Chief Operating Officer and Executive Director,Cold,Nil,Nil,https://www.linkedin.com/in/steven-richman-958b438/
117,Frank Chi Chung Chan,"Chief Financial Officer, Executive Director and Secretary",Cold,Nil,Nil,https://www.linkedin.com/in/frank-chan-a059341/
118,Li Xin,"Chairman, Executive Director",Cold,No personal interaction found related to sponsorships or events.,Nil,Nil
118,Yu Jian,"President, Executive Director",Cold,No personal interaction found related to sponsorships or events.,Nil,Nil
118,Zhang Shouwen,"Chief Financial Officer, Executive Director",Cold,No personal interaction found related to sponsorships or events.,Nil,Nil
119,Richard Lancaster,Chief Executive Officer,Hot,Speaker at an international climate change conference supported by the HKJC Charities Trust.,https://corporate.hkjc.com/corporate/english/charities-and-community/news-detail.aspx?newsid=6182,https://hk.linkedin.com/in/richard-lancaster-20b12a32
119,Betty Yuen,"Group Director & Vice Chairman, CLP Power Hong Kong Limited",Warm,"Officiated opening of CLP Power Low-carbon Energy Education Centre, funded by HKJC Charities Trust.",https://corporate.hkjc.com/corporate/english/charities-and-community/news-detail.aspx?newsid=3846,https://hk.linkedin.com/in/betty-yuen-0b1a033b
119,Stamford Tang,Director - Group Communications,Warm,"Attended and officiated launch of HK Green Organisation Certification scheme, supported by HKJC.",https://www.epd.gov.hk/epd/english/news_events/press/pr_20170612.html,https://hk.linkedin.com/in/stamford-tang-52055611
120,Francis Lui Yiu-tung,Deputy Chairman,Hot,Presented awards at HKJC race events and is a prominent racehorse owner.,https://campaigns.hkjc.com/centenary-of-racing/en/gallery/gold-cup-2018.aspx,https://www.linkedin.com/in/francis-lui-yiu-tung-a5b5651a
120,Philip Cheng,"Chief Operating Officer, Macau Resorts & Director, Galaxy Casino Co. Ltd",Cold,No direct personal interaction found.,Nil,https://www.linkedin.com/in/philip-cheng-12349b142
120,Kevin Kelley,"Chief Operating Officer, Macau Operations",Cold,No direct personal interaction found.,Nil,https://www.linkedin.com/in/kevin-kelley-b769622a
121,Victor T K Li,Chairman,Hot,"Steward of The Hong Kong Jockey Club, a significant leadership role.",https://corporate.hkjc.com/corporate/english/about-hkjc/stewards-list.aspx,Nil
121,Kam Hing Lam,Managing Director,Hot,Honorary Voting Member of The Hong Kong Jockey Club.,https://corporate.hkjc.com/corporate/english/news-centre/news/2020-09/news-2020090204646.aspx,Nil
121,Frank John Sixt,Executive Director,Hot,"Horse owner with HKJC, participating in racing events.",https://racing.hkjc.com/racing/information/english/horse/ownerhistory.aspx?ownerid=O023000,https://hk.linkedin.com/in/frank-john-sixt-11333333
123,Martin Lee Ka-shing,Chairman and Managing Director,Hot,"Serves as a Steward of The Hong Kong Jockey Club, actively involved in its governance and high-level decisions.",https://corporate.hkjc.com/corporate/english/about-us/Our_People.aspx,Nil
123,Peter Lee Ka-kit,Chairman and Managing Director,Hot,"Serves as a Steward of The Hong Kong Jockey Club, actively involved in its governance and high-level decisions.",https://corporate.hkjc.com/corporate/english/about-us/Our_People.aspx,Nil
123,Pui-yee Lee,"General Manager, Corporate Communications",Warm,No direct personal interaction found. Role is key for company sponsorships.,Nil,https://hk.linkedin.com/in/pui-yee-lee-192b02196
124,Leaf Hua Li,"Founder, Chairman & CEO",Cold,No,Nil,https://www.linkedin.com/in/leaf-hua-li-6b553610b
124,Robin Xu,"Senior Vice President, Head of International Business (moomoo & Futu Singapore)",Cold,No,Nil,https://www.linkedin.com/in/robin-xu-a511394b/
124,Arthur Chen,Chief Financial Officer,Cold,No,Nil,https://www.linkedin.com/in/arthur-chen-742a0b163/
126,Tim Blackburn,Chief Executive Officer,Warm,"No specific public personal interaction for sponsorship. However, Swire Group Chairman had a high-level interaction with HKJC in 2023.",https://corporate.hkjc.com/corporate/english/community-and-charity/2023-01/news_20230101416.aspx,https://www.linkedin.com/in/tim-blackburn-70b12711/
126,Maia Cheung,Head of Corporate Communications & CSR,Warm,"No specific public personal interaction for sponsorship. However, Swire Group Chairman had a high-level interaction with HKJC in 2023.",https://corporate.hkjc.com/corporate/english/community-and-charity/2023-01/news_20230101416.aspx,https://www.linkedin.com/in/maiacheung/
126,Michelle Low,"Director, Retail",Warm,"No specific public personal interaction for sponsorship. However, Swire Group Chairman had a high-level interaction with HKJC in 2023.",https://corporate.hkjc.com/corporate/english/community-and-charity/2023-01/news_20230101416.aspx,https://www.linkedin.com/in/michelle-low-64303b30/
127,Peter Wong Wai Yee,Managing Director,Hot,He is a Steward of The Hong Kong Jockey Club.,https://corporate.hkjc.com/corporate/english/club/stewards-club.aspx,https://www.linkedin.com/in/peter-wong-wai-yee-b14188164/
127,Joseph Ma Chi Wing,Head of Corporate Affairs,Warm,"Company (Towngas) is a Corporate Patron of HKJC Charities Trust (p.71, Annual Report 2022/23).",https://corporate.hkjc.com/corporate/english/about-us/annual-report/annual-report-2022-2023.aspx,https://hk.linkedin.com/in/joseph-ma-b2861a5b
127,John Ho Wing Sing,"General Manager, Commercial & Industrial Marketing",Warm,"Company (Towngas) is a Corporate Patron of HKJC Charities Trust (p.71, Annual Report 2022/23).",https://corporate.hkjc.com/corporate/english/about-us/annual-report/annual-report-2022-2023.aspx,https://www.linkedin.com/in/john-ho-9a405520/
128,John Witt,Chief Executive,Warm,"Attended Jardine Matheson Charity Race Day at Sha Tin Racecourse, a key social event.",https://hongkongtatler.com/events/jardine-matheson-charity-race-day-2016-private-cocktail-reception,https://sg.linkedin.com/in/john-witt-89a56214
128,Y.K. Pang,Non-Executive Director,Hot,"Serves as a Steward of The Hong Kong Jockey Club, a leadership role within the Club.",https://corporate.hkjc.com/corporate/english/about-hkjc/our-organisation/board-of-stewards.aspx,https://hk.linkedin.com/in/yk-pang-a7455523
128,Ben Keswick,Non-Executive Director,Hot,"Owned racehorses, ""Magic Legend"" and others, that competed in Hong Kong Jockey Club races.",https://www.scmp.com/sport/hong-kong-racing/article/2179929/champions-day-showdown-sees-magic-beat-master,https://hk.linkedin.com/in/ben-keswick-00829828
129,Raymond Kwok,Chairman,Hot,"Steward of The Hong Kong Jockey Club, actively involved in its governance and charitable initiatives.",https://www.hkjc.com/english/corporate/management.aspx,Nil
129,Francis Wan,Group Managing Director,Cold,None,Nil,https://www.linkedin.com/in/francis-wan-b93081182/
129,Amy Yuen,Company Secretary and General Manager - Corporate Affairs,Cold,None,Nil,https://www.linkedin.com/in/amy-yuen-207005174/
130,Vincent Mak Siu Ming,Executive Director & Chief Financial Officer,Cold,Nil,Nil,https://www.linkedin.com/in/vincent-mak-siu-ming-77a33a153/
130,Ma Xiang,Chairman & Executive Director,Cold,Nil,Nil,Nil
130,Guo Lijun,Executive Director & Chief Executive Officer,Cold,Nil,Nil,Nil
131,Gina Qiao,"SVP, Chief Strategy and Marketing Officer",Warm,No direct personal interaction found.,Nil,https://www.linkedin.com/in/gina-qiao-5a022b7
131,Albert So,"General Manager, Hong Kong & Macau",Warm,No direct personal interaction found.,Nil,https://hk.linkedin.com/in/albert-so-285b7367
131,Patrick Chan,"General Manager, Commercial Business, Hong Kong & Macau",Warm,No direct personal interaction found.,Nil,https://hk.linkedin.com/in/patrick-chan-6a014913
132,Daryl Ng Win Kong,"Deputy Chairman of Sino Land, Group General Manager of Sino Group",Hot,"Steward of The Hong Kong Jockey Club, actively involved in its governance and philanthropic activities.",https://www.hkjc.com/english/aboutus/directors_stewards.aspx,https://www.linkedin.com/in/daryl-ng-win-kong-7186a1112/
132,May Ng,"Executive Director, Sino Land",Warm,"Attended 'Walk with Dino' app launch event, supported by HKJC Charities Trust.",https://www.sinoland.com/en/news-and-media/2021/october/sino-group-partners-with-the-hong-kong-science-museum-and-cityu-to-launch-walk-with-dino-app,https://hk.linkedin.com/in/may-ng-a664421b4
132,Nikki Ng Mien-Hua,"Group General Manager, Sino Group",Warm,"Sino Group, where she is Group General Manager, partners with HKJC Charities Trust on various initiatives.",https://www.sinoland.com/en/sustainability/community-and-stakeholder-engagement/,https://www.linkedin.com/in/nikki-ng-81525a1b3/
133,Huang Xiaowen,"Chairman of the Board, Chief Executive Officer",Hot,"No specific public interaction for sponsorships found, but high-level networking is expected.",Nil,https://hk.linkedin.com/in/xiaowen-huang-082089163
133,Yang Jian,"Director, Chief Financial Officer",Warm,No specific public interaction for sponsorships found.,Nil,https://www.linkedin.com/in/jian-yang-80413038/
133,Liu Shizhong,"Director, Head of Corporate Planning",Warm,No specific public interaction for sponsorships found.,Nil,https://hk.linkedin.com/in/shizhong-liu-b40b8a101
134,George Hongchoy,Chief Executive Officer,Hot,Was a speaker at the HKJC's 'Leadership Dialogue Series' on business ethics in 2015.,https://corporate.hkjc.com/corporate/english/news-and-media/news-detail.aspx?in_file=2015091702484.xml,https://www.linkedin.com/in/george-hongchoy-92892910/
134,Vivian Cheung,Chief Marketing Officer,Warm,Nil,Nil,https://www.linkedin.com/in/vivian-cheung-1294628/
134,Joyce Au,Senior Director - Corporate Communications & External Affairs,Warm,Nil,Nil,https://www.linkedin.com/in/joyce-au-9a489112/
135,Jan Craps,"CEO & Co-Chairman, Budweiser APAC",Warm,Nil,Nil,https://www.linkedin.com/in/jan-craps-93b5861/
135,Bruno Cosentino,"Chief Marketing Officer, Budweiser APAC",Warm,Nil,Nil,https://www.linkedin.com/in/bruno-cosentino-11119b22/
135,Matt Che,"VP Marketing, Budweiser APAC",Warm,Nil,Nil,https://www.linkedin.com/in/mattche/
136,James Fang,Chairman and Chief Executive Officer,Cold,No public interaction found.,Nil,https://www.linkedin.com/in/james-fang-1b5853106/
136,Winson Li,Chief Financial Officer,Cold,No public interaction found.,Nil,https://www.linkedin.com/in/winson-li-4a3b832b/
137,HUANG Tao,Chairman & Executive Director,Cold,No,Nil,https://www.linkedin.com/in/tao-huang-963a4313b/
137,SHI Baofeng,President & Executive Director,Cold,No,Nil,https://www.linkedin.com/in/baofeng-shi-7a91a921b/
137,WANG Xiaoqing,Chief Financial Officer & Executive Director,Cold,No,Nil,https://www.linkedin.com/in/xiaoqing-wang-000867140/
138,Susanna Hui Hon Hing,Group Managing Director,Hot,"Leads HKT, a key strategic partner providing extensive telecommunications infrastructure and solutions to the HKJC for its operations.",https://www.hkt.com/About-HKT/News-and-Press-Releases/Press-Releases/20210217,https://hk.linkedin.com/in/susanna-hui-428414b5
138,Ringo Ng Kwok Keung,"Managing Director, Commercial Group",Warm,"Oversees commercial services for HKT, a key provider of enterprise solutions and ICT infrastructure to the HKJC.",https://www.hkt.com/About-HKT/News-and-Press-Releases/Press-Releases/20210217,https://hk.linkedin.com/in/ringo-ng-b8004b3a
138,Bruce Lam,"Managing Director, Consumer Mobile",Hot,"Oversees HKT's consumer brand and Now TV's HKJC horse racing broadcasts, a key partnership.",https://www.pccw.com/about-us/press-releases/20190529,https://hk.linkedin.com/in/bruce-lam-b852934
139,Yang Shaopeng,Chairman and Executive Director,Cold,Nil,Nil,https://www.linkedin.com/in/%E7%BB%8D%E9%B9%8F-%E6%9D%A8-a612542a9/
139,Yang Xianxiang,"Vice Chairman and Executive Director, CEO",Cold,Nil,Nil,https://www.linkedin.com/in/%E7%8E%B0%E7%A5%A5-%E6%9D%A8-8a86a636/
139,Xue Peng,"Executive Director, General Manager of Container Liner Segment",Cold,Nil,Nil,https://www.linkedin.com/in/xue-peng-a3845b103/
140,Stephen Ng Tin Hoi,Chairman & Managing Director,Hot,Served as a Steward of The Hong Kong Jockey Club.,https://web.archive.org/web/20181014193540/http://racing.hkjc.com/racing/information/English/JockeyClub/BoardofStewards.aspx,https://www.linkedin.com/in/stephen-ng-tin-hoi-b87342129/
140,Doreen Lee,Executive Director,Warm,Has a long-standing relationship with the Club; attended its 130th Anniversary dinner.,https://www.tatlerasia.com/power-purpose/philanthropy/the-hong-kong-jockey-club-charities-trust-celebrates-130th-anniversary,https://www.linkedin.com/in/doreen-lee-d7178816a/
140,Raymond Chow,Executive Director,Warm,Attended the opening ceremony of the new HKJC Racing Club at Happy Valley.,https://racingnews.hkjc.com/racingnews/2021/04/004732_e.htm,https://www.linkedin.com/in/raymond-chow-74a62132/
141,Hou Xiaohai,"Chairman, Executive Director and Chief Executive Officer",Warm,No specific public interaction with HKJC for sponsorship found. Engages in high-level corporate interactions within Hong Kong's business community.,Nil,https://www.linkedin.com/in/%E5%AD%9D%E6%B5%B7-%E4%BE%AF-879815152/
141,Zhao Chunwu,Executive Director and Chief Financial Officer,Warm,No specific public interaction with HKJC for sponsorship found. Involved in high-level corporate governance and investor relations in Hong Kong.,Nil,https://www.linkedin.com/in/%E6%98%A5%E6%AD%A6-%E8%B5%B5-4b172a125/
141,"Lai Po Sing, Vincent",Independent Non-executive Director,Warm,"No specific public interaction with HKJC for sponsorship found. Possesses an extensive professional network in Hong Kong, including senior business and public service figures.",Nil,https://www.linkedin.com/in/vincent-lai-po-sing-a0689360/
142,Wan Lin,CEO & Executive Director,Cold,Nil,Nil,Nil
142,Zhu Dan,"Executive Director, Co-President",Cold,Nil,Nil,Nil
142,Wang Jianyu,Chief Operating Officer,Cold,Nil,Nil,Nil
143,Zheng Guoan,"Chairman, China Taiping Insurance (HK) Co., Ltd.",Cold,Nil,Nil,Nil
143,"Yeung Siu Fai, David","Executive Director, China Taiping Insurance (HK) Co., Ltd.",Cold,Nil,Nil,https://www.linkedin.com/in/david-yeung-6b7b13192/
143,Chen Zhongyi,"Executive Director, China Taiping Insurance (HK) Co., Ltd.",Cold,Nil,Nil,Nil
144,Stephen Ng Tin Hoi,Chairman & Managing Director,Hot,Former Steward of the HKJC (2002-2016) and a prominent horse owner with multiple successful horses.,https://www.asianracing.org/index.php/news/1739-arf-general-assembly-opens-in-hong-kong,https://hk.linkedin.com/in/stephen-ng-tin-hoi-1209b52a
144,Douglas Woo Chun Ku,"Executive Director, The Wharf (Holdings) Limited; Chairman & Managing Director, Wharf REIC",Hot,"Prominent horse owner, co-owned ""Beauty Generation"", a champion racehorse in Hong Kong.",https://racing.hkjc.com/racing/information/english/News/2019/News.aspx?In_file=20190428_0305.xml,https://hk.linkedin.com/in/douglas-woo-b9242918b
144,Eliza Liu,"Group Director, Corporate Communications and Investor Relations",Warm,Nil,Nil,https://hk.linkedin.com/in/eliza-liu-5573489
145,Andy Fung Yuen Ming,"Executive Director, CEO",Hot,"CEO of Everbright Sun Hung Kai, title sponsor of multiple HKJC horse racing events, including the Chinese New Year Cup.",https://www.prnewswire.com/news-releases/everbright-sun-hung-kai-hosts-chinese-new-year-cup-2018-in-hong-kong-300599525.html,https://www.linkedin.com/in/andy-fung-yuen-ming-75574519/
145,Dr. Michael Chan,Advisor,Hot,Advisor to Everbright Sun Hung Kai; attended their sponsored Chinese New Year Cup 2018 event at HKJC.,https://www.prnewswire.com/news-releases/everbright-sun-hung-kai-hosts-chinese-new-year-cup-2018-in-hong-kong-300599525.html,https://www.linkedin.com/in/michael-chan-10250a11/
145,Peter Ng,Head of Retail Broking,Hot,Head of Retail Broking for Everbright Sun Hung Kai; attended their sponsored Chinese New Year Cup 2018 event at HKJC.,https://www.prnewswire.com/news-releases/everbright-sun-hung-kai-hosts-chinese-new-year-cup-2018-in-hong-kong-300599525.html,https://www.linkedin.com/in/peter-ng-42845610/
146,Fu Bin,Chairman,Cold,Nil,Nil,Nil
146,Qian Zhijia,President,Cold,Nil,Nil,Nil
146,Zhou Ming,Executive Director and Vice President,Cold,Nil,Nil,Nil
147,JIN Yulong,"Chairman, Executive Director",Cold,No.,Nil,Nil
147,LIU Keqiang,"Executive Director, General Manager",Cold,No.,Nil,Nil
147,ZHANG Jian,"Executive Director, Secretary of the Board",Cold,No.,Nil,Nil
148,Wang Jianping,Executive Director and Chief Executive Officer,Warm,Nil,Nil,https://www.linkedin.com/in/jianping-wang-34086616
148,Deng Renjie,Chairman of the Board,Warm,Nil,Nil,https://www.linkedin.com/in/renjie-deng-51b64a66
148,"Lee Kwok Po, Peter",Independent Non-executive Director,Hot,Was a Steward of the Hong Kong Jockey Club and his bank (BEA) is a partner.,https://www.scmp.com/sport/hong-kong-racing/article/2128796/hong-kong-jockey-club-chief-warns-members-not-bet-horse-owned,https://www.linkedin.com/in/peter-li-kwok-po-871b0586/
149,WAN Chi Tin,Managing Director,Hot,"Yes - Officiated opening of Jockey Club Smart Power Centre with Club Steward Dr Silas Yang in 2021, funded by HKJC Charities Trust.",https://campaign.hkjc.com/en/news/2021-09/news_2021092701442.aspx,https://www.linkedin.com/in/wan-chi-tin-b40b075a/
149,WONG Tak Choy,"Executive Director, Operations",Warm,Nil,Nil,https://www.linkedin.com/in/wong-tak-choy-2747161b/
149,"WONG Lap Keung, Raymond","Executive Director, Customer Services",Warm,Nil,Nil,https://www.linkedin.com/in/raymond-wong-b040315/
150,TSAI Eng-Meng,Chairman & CEO,Cold,Nil,Nil,Nil
150,TSAI Shao-Chung,Executive Director & Vice Chairman,Cold,Nil,Nil,Nil
